原文件名,新文件名,形状,背景,SHA256
puzzle-1790162216598-matched-d692.png,海边落日渔船_拼图块菱形_约692px.png,拼图块菱形,海边落日渔船,D0914EF84F3AF229FB2FFF5456A3F54AD5BB52263A417C9E571DBB00C0228198
puzzle-1790179007206-matched-d585.png,秋日山林_点赞_约585px.png,点赞,秋日山林,30639C9A5DF963E10304EBA0BE88063FCC5CED76DF08121086091464C86A7C63
puzzle-1790179083070-matched-d588.png,雪原远山_拼图块菱形_约588px.png,拼图块菱形,雪原远山,4984D34B91DAA2A64141715EA16E96E3E4FF48A89EBC8E2E20287FFD3D686175
puzzle-1790188064302-matched-d635.png,雪地石子_旗帜_约635px.png,旗帜,雪地石子,28569BA55E02175758E31C41F3E05FC67D3B8E7F4C305C1A6892866F0C75BD6D
puzzle-1790191559851-matched-d410.png,雪山小镇_旗帜_约410px.png,旗帜,雪山小镇,F8C4F721C06AF3A7C87997D21468AAA1A05BBADEFCC97F195AA0818700F00CE4
puzzle-1790192429152-matched-d253.png,蓝天雪山_云朵_约686px.png,云朵,蓝天雪山,BCECA562C687E5C5D0E79EDBE227D13D314828A28E7C417A487EECA3F56A87F7
puzzle-1790192435203-matched-d374.png,雪山小镇_拼图块菱形_约748px.png,拼图块菱形,雪山小镇,29A45BABF0FD01395B2BAF1C0E303B7D460BCA4DD17409B4199406640D0870A8
puzzle-1790192440128-matched-d701.png,湖面天鹅_月牙_约701px.png,月牙,湖面天鹅,3CBC404341E2D2A273C874DACCC63CD13A638A3B125E2A9F041588F35D02D559
puzzle-1790214496882-matched-d412.png,白色花枝_云朵_约412px.png,云朵,白色花枝,9BC174210771DD061C1B2DE02C907CEEE7E6F4DF0F78A9965D0C17C9D168EE7A
puzzle-1790224098925-matched-d288.png,雪原树林_点赞_约768px.png,点赞,雪原树林,DA9556BD603C76C8FF32EF06A69611F7F4EAFE253267E7A5CF4661D3DD846C3A
puzzle-1790224103458-matched-d577.png,城市红色晚霞_旗帜_约577px.png,旗帜,城市红色晚霞,E89E75E0B03DFE8E01897FBE95E40E56F0810676CAE57B2193E65F07F20D3E5C
puzzle-1790224583500-matched-d688.png,落日山坡铁塔_拼图块十字_约688px.png,拼图块十字,落日山坡铁塔,6EA708EAC3995D0E1605F87F7C414F46F7A49CDDEF314EF083B1D4570F91B566
puzzle-1790225685550-matched-d372.png,黄叶砖墙_嫩芽_约402px.png,嫩芽,黄叶砖墙,7E557DBED47D21BD2AB4B90CEE1412B48D9B80F5ED83C750CB841A96D166974D
puzzle-1790225690358-matched-d646.png,雪山草原湖泊_鱼形_约762px.png,鱼形,雪山草原湖泊,398B9D8F7672A5B72E9747DF59951B95552A9E65C7781A22FBEF703D90D83F8C
puzzle-1790340793623-matched-d384.png,蓝天雪山_鱼形_约384px.png,鱼形,蓝天雪山,537F6C891A5772CDA5F29ACBFBE9C48991708C405F537CE4D17A44CECBA45693
puzzle-1790341276459-matched-d713.png,湖面天鹅_拼图块十字_约713px.png,拼图块十字,湖面天鹅,E5CF1D7634AB2A72C45848A7C5426063003ABB384772635341B8BFC52D83E1F4
puzzle-1790352592835-matched-d623.png,白塔金色屋顶_盾牌_约623px.png,盾牌,白塔金色屋顶,B2EDE047D85DE032774DFAF8CEB6673F46EB9603C370A5006093CC3039668AB9
puzzle-1790352640891-matched-d560.png,草地绿树_盾牌_约560px.png,盾牌,草地绿树,E1DF8328DAC97AA2068B5B75F74E0B214E41BCFBC4FA3181BBEACD3D130F26B2
puzzle-1790353043380-matched-d595.png,草地绿树_铃铛_约595px.png,铃铛,草地绿树,7FBB5BCA5996D3A48E1C95E806D6A0DDE12A9B3190D62FC1D4128274119117A8
puzzle-1790356421035-matched-d472.png,雪林溪流_月牙_约472px.png,月牙,雪林溪流,C1DE102DAE284A22F72719E3B7F98B99BB95057BE1C2D4E11983C0CA632569CD
puzzle-1790358585627-matched-d695.png,草地绿树_火焰_约695px.png,火焰,草地绿树,F2EB2D5C49F35478B3ECBDD137DDF38C0E1DA19092FE946EC71CBBC333A6907E
puzzle-1790365703208-matched-d474.png,城市红色晚霞_拼图块十字_约474px.png,拼图块十字,城市红色晚霞,2572A1961F3419AB06C2C0BBEEBC97584210EE0DF6E88FE7D92C02472A78FDAF
puzzle-1790387268902-matched-d472.png,黄叶砖墙_爱心_约472px.png,爱心,黄叶砖墙,B5200F1A5F9A741C4A22B884EAE3A75B31BE2D05437ED572227AD65CBE308FC0
puzzle-1790387277198-matched-d557.png,黄叶砖墙_铃铛_约557px.png,铃铛,黄叶砖墙,165601F3518F160FD83693E6B61475BEFEF6FEE4EF4A1748D0684C27B575645A
puzzle-1790388445786-matched-d710.png,秋树瓦墙_云朵_约710px.png,云朵,秋树瓦墙,B0EA331C2E201880B1B7B234E905231BE17F6BDF1FA2D1F235EA52A7FDB4D755
puzzle-1790397502732-matched-d669.png,落日山坡铁塔_爱心_约669px.png,爱心,落日山坡铁塔,55AFADFADBDAD41FFE875624A77D229C0329F3BE2BA86DB3266C86D1C54CF341
puzzle-1790398323610-matched-d520.png,樱桃蕾丝桌布_拼图块菱形_约520px.png,拼图块菱形,樱桃蕾丝桌布,D3BCEBDE386A6B4B302175998D2976C599DD19D7515718FD42813E15746E372E
puzzle-1790398944298-matched-d369.png,粉色花草_火焰_约369px.png,火焰,粉色花草,01AD0DB9E96DD34ACB88AA65B845E7AA34A1122F417BD6E51DBD59201CBC5732
puzzle-1790505589575-matched-d670.png,粉色花草_云朵_约670px.png,云朵,粉色花草,6E97BFF69D3BBC4F644228A8AE0CE6803197CF8FD2E461234D0DE414FF6E329F
puzzle-1790508844089-matched-d648.png,粉色花草_爱心_约648px.png,爱心,粉色花草,58F19429F5EAC068ECE0631F9FDA484517162134DADF2C60AD46208C8A40D4FE
puzzle-1790511355128-matched-d638.png,落日山坡铁塔_云朵_约638px.png,云朵,落日山坡铁塔,CB24243F539EAED498CEEE547A1CF9946ABF2308C2BA40306EE4DB5B01DA67E9
puzzle-1790511371767-matched-d501.png,雪村木屋_点赞_约501px.png,点赞,雪村木屋,B82018C1F7F06BC37FFAADE6DF0B7B83B71A471C1C9F9E0EE04BC8C1447F45E1
puzzle-1790512262712-matched-d492.png,雪山小镇_月牙_约492px.png,月牙,雪山小镇,B7E491FCA3AA2B719F6E96266D1B423947F916CB54F0ED9C7E216EF1DDB28AE7
puzzle-1790528485446-matched-d563.png,沙地绿植_五角星_约563px.png,五角星,沙地绿植,2D29BDB91ED51C2EDC80610EB3B32B4D2353A5332C6F8D2B9B186F08A304D329
puzzle-1790530918958-matched-d502.png,雪地海岸_点赞_约502px.png,点赞,雪地海岸,D262FA6B6C5E507B33763141AC810CADD7D97B3C6A81E704EDCAB068150D69C0
puzzle-1790530924052-matched-d726.png,樱桃蕾丝桌布_点赞_约726px.png,点赞,樱桃蕾丝桌布,A0034E13E0D1C3137F6F38A532EA5B18CEC18DE1D3E7041451150E92F5DEDE63
puzzle-1790535850643-matched-d588.png,绿叶黄花_铃铛_约588px.png,铃铛,绿叶黄花,BF3E7104068804FC1BBAA482E17991B0CA574FA50C28CED1EE85805BCC87B512
puzzle-1790561174319-matched-d726.png,秋树瓦墙_爱心_约726px.png,爱心,秋树瓦墙,9E680BEFE4491C502B5F6B584488BB896EDF0D8E0DC2C3A2EE79D27F87466ADE
real-flame-d751.png,城市红色晚霞_火焰_约672px.png,火焰,城市红色晚霞,3C734AC5977A67435A449FEF04E7A45239369E259E015F60F90F189CFCD49868
real-sprout-d610.png,城市红色晚霞_嫩芽_约610px.png,嫩芽,城市红色晚霞,A320A378F9AA75B3AA2AE357F1F65EDE714313FDD7D49768AADEF6B09530092C
